solar,ganzhi,jieqi,lunarYear,lunarMonth,LunnarDay
01/01/19,戊戌,,2018,11,26
01/02/19,己亥,,2018,11,27
01/03/19,庚子,,2018,11,28
01/04/19,辛丑,,2018,11,29
01/05/19,壬寅,小寒,2018,11,30
01/06/19,癸卯,,2018,12,1
01/07/19,甲辰,,2018,12,2
01/08/19,乙巳,,2018,12,3
01/09/19,丙午,,2018,12,4
01/10/19,丁未,,2018,12,5
01/11/19,戊申,,2018,12,6
01/12/19,己酉,,2018,12,7
01/13/19,庚戌,,2018,12,8
01/14/19,辛亥,,2018,12,9
01/15/19,壬子,,2018,12,10
01/16/19,癸丑,,2018,12,11
01/17/19,甲寅,,2018,12,12
01/18/19,乙卯,,2018,12,13
01/19/19,丙辰,,2018,12,14
01/20/19,丁巳,大寒,2018,12,15
01/21/19,戊午,,2018,12,16
01/22/19,己未,,2018,12,17
01/23/19,庚申,,2018,12,18
01/24/19,辛酉,,2018,12,19
01/25/19,壬戌,,2018,12,20
01/26/19,癸亥,,2018,12,21
01/27/19,甲子,,2018,12,22
01/28/19,乙丑,,2018,12,23
01/29/19,丙寅,,2018,12,24
01/30/19,丁卯,,2018,12,25
01/31/19,戊辰,,2018,12,26
02/01/19,己巳,,2018,12,27
02/02/19,庚午,,2018,12,28
02/03/19,辛未,,2018,12,29
02/04/19,壬申,立春,2018,12,30
02/05/19,癸酉,,2019,1,1
02/06/19,甲戌,,2019,1,2
02/07/19,乙亥,,2019,1,3
02/08/19,丙子,,2019,1,4
02/09/19,丁丑,,2019,1,5
02/10/19,戊寅,,2019,1,6
02/11/19,己卯,,2019,1,7
02/12/19,庚辰,,2019,1,8
02/13/19,辛巳,,2019,1,9
02/14/19,壬午,,2019,1,10
02/15/19,癸未,,2019,1,11
02/16/19,甲申,,2019,1,12
02/17/19,乙酉,,2019,1,13
02/18/19,丙戌,,2019,1,14
02/19/19,丁亥,雨水,2019,1,15
02/20/19,戊子,,2019,1,16
02/21/19,己丑,,2019,1,17
02/22/19,庚寅,,2019,1,18
02/23/19,辛卯,,2019,1,19
02/24/19,壬辰,,2019,1,20
02/25/19,癸巳,,2019,1,21
02/26/19,甲午,,2019,1,22
02/27/19,乙未,,2019,1,23
02/28/19,丙申,,2019,1,24
03/01/19,丁酉,,2019,1,25
03/02/19,戊戌,,2019,1,26
03/03/19,己亥,,2019,1,27
03/04/19,庚子,,2019,1,28
03/05/19,辛丑,,2019,1,29
03/06/19,壬寅,惊蛰,2019,1,30
03/07/19,癸卯,,2019,2,1
03/08/19,甲辰,,2019,2,2
03/09/19,乙巳,,2019,2,3
03/10/19,丙午,,2019,2,4
03/11/19,丁未,,2019,2,5
03/12/19,戊申,,2019,2,6
03/13/19,己酉,,2019,2,7
03/14/19,庚戌,,2019,2,8
03/15/19,辛亥,,2019,2,9
03/16/19,壬子,,2019,2,10
03/17/19,癸丑,,2019,2,11
03/18/19,甲寅,,2019,2,12
03/19/19,乙卯,,2019,2,13
03/20/19,丙辰,,2019,2,14
03/21/19,丁巳,春分,2019,2,15
03/22/19,戊午,,2019,2,16
03/23/19,己未,,2019,2,17
03/24/19,庚申,,2019,2,18
03/25/19,辛酉,,2019,2,19
03/26/19,壬戌,,2019,2,20
03/27/19,癸亥,,2019,2,21
03/28/19,甲子,,2019,2,22
03/29/19,乙丑,,2019,2,23
03/30/19,丙寅,,2019,2,24
03/31/19,丁卯,,2019,2,25
04/01/19,戊辰,,2019,2,26
04/02/19,己巳,,2019,2,27
04/03/19,庚午,,2019,2,28
04/04/19,辛未,,2019,2,29
04/05/19,壬申,清明,2019,3,1
04/06/19,癸酉,,2019,3,2
04/07/19,甲戌,,2019,3,3
04/08/19,乙亥,,2019,3,4
04/09/19,丙子,,2019,3,5
04/10/19,丁丑,,2019,3,6
04/11/19,戊寅,,2019,3,7
04/12/19,己卯,,2019,3,8
04/13/19,庚辰,,2019,3,9
04/14/19,辛巳,,2019,3,10
04/15/19,壬午,,2019,3,11
04/16/19,癸未,,2019,3,12
04/17/19,甲申,,2019,3,13
04/18/19,乙酉,,2019,3,14
04/19/19,丙戌,,2019,3,15
04/20/19,丁亥,谷雨,2019,3,16
04/21/19,戊子,,2019,3,17
04/22/19,己丑,,2019,3,18
04/23/19,庚寅,,2019,3,19
04/24/19,辛卯,,2019,3,20
04/25/19,壬辰,,2019,3,21
04/26/19,癸巳,,2019,3,22
04/27/19,甲午,,2019,3,23
04/28/19,乙未,,2019,3,24
04/29/19,丙申,,2019,3,25
04/30/19,丁酉,,2019,3,26
05/01/19,戊戌,,2019,3,27
05/02/19,己亥,,2019,3,28
05/03/19,庚子,,2019,3,29
05/04/19,辛丑,,2019,3,30
05/05/19,壬寅,,2019,4,1
05/06/19,癸卯,立夏,2019,4,2
05/07/19,甲辰,,2019,4,3
05/08/19,乙巳,,2019,4,4
05/09/19,丙午,,2019,4,5
05/10/19,丁未,,2019,4,6
05/11/19,戊申,,2019,4,7
05/12/19,己酉,,2019,4,8
05/13/19,庚戌,,2019,4,9
05/14/19,辛亥,,2019,4,10
05/15/19,壬子,,2019,4,11
05/16/19,癸丑,,2019,4,12
05/17/19,甲寅,,2019,4,13
05/18/19,乙卯,,2019,4,14
05/19/19,丙辰,,2019,4,15
05/20/19,丁巳,,2019,4,16
05/21/19,戊午,小满,2019,4,17
05/22/19,己未,,2019,4,18
05/23/19,庚申,,2019,4,19
05/24/19,辛酉,,2019,4,20
05/25/19,壬戌,,2019,4,21
05/26/19,癸亥,,2019,4,22
05/27/19,甲子,,2019,4,23
05/28/19,乙丑,,2019,4,24
05/29/19,丙寅,,2019,4,25
05/30/19,丁卯,,2019,4,26
05/31/19,戊辰,,2019,4,27
06/01/19,己巳,,2019,4,28
06/02/19,庚午,,2019,4,29
06/03/19,辛未,,2019,5,1
06/04/19,壬申,,2019,5,2
06/05/19,癸酉,,2019,5,3
06/06/19,甲戌,芒种,2019,5,4
06/07/19,乙亥,,2019,5,5
06/08/19,丙子,,2019,5,6
06/09/19,丁丑,,2019,5,7
06/10/19,戊寅,,2019,5,8
06/11/19,己卯,,2019,5,9
06/12/19,庚辰,,2019,5,10
06/13/19,辛巳,,2019,5,11
06/14/19,壬午,,2019,5,12
06/15/19,癸未,,2019,5,13
06/16/19,甲申,,2019,5,14
06/17/19,乙酉,,2019,5,15
06/18/19,丙戌,,2019,5,16
06/19/19,丁亥,,2019,5,17
06/20/19,戊子,,2019,5,18
06/21/19,己丑,夏至,2019,5,19
06/22/19,庚寅,,2019,5,20
06/23/19,辛卯,,2019,5,21
06/24/19,壬辰,,2019,5,22
06/25/19,癸巳,,2019,5,23
06/26/19,甲午,,2019,5,24
06/27/19,乙未,,2019,5,25
06/28/19,丙申,,2019,5,26
06/29/19,丁酉,,2019,5,27
06/30/19,戊戌,,2019,5,28
07/01/19,己亥,,2019,5,29
07/02/19,庚子,,2019,5,30
07/03/19,辛丑,,2019,6,1
07/04/19,壬寅,,2019,6,2
07/05/19,癸卯,,2019,6,3
07/06/19,甲辰,,2019,6,4
07/07/19,乙巳,小暑,2019,6,5
07/08/19,丙午,,2019,6,6
07/09/19,丁未,,2019,6,7
07/10/19,戊申,,2019,6,8
07/11/19,己酉,,2019,6,9
07/12/19,庚戌,,2019,6,10
07/13/19,辛亥,,2019,6,11
07/14/19,壬子,,2019,6,12
07/15/19,癸丑,,2019,6,13
07/16/19,甲寅,,2019,6,14
07/17/19,乙卯,,2019,6,15
07/18/19,丙辰,,2019,6,16
07/19/19,丁巳,,2019,6,17
07/20/19,戊午,,2019,6,18
07/21/19,己未,,2019,6,19
07/22/19,庚申,,2019,6,20
07/23/19,辛酉,大暑,2019,6,21
07/24/19,壬戌,,2019,6,22
07/25/19,癸亥,,2019,6,23
07/26/19,甲子,,2019,6,24
07/27/19,乙丑,,2019,6,25
07/28/19,丙寅,,2019,6,26
07/29/19,丁卯,,2019,6,27
07/30/19,戊辰,,2019,6,28
07/31/19,己巳,,2019,6,29
08/01/19,庚午,,2019,7,1
08/02/19,辛未,,2019,7,2
08/03/19,壬申,,2019,7,3
08/04/19,癸酉,,2019,7,4
08/05/19,甲戌,,2019,7,5
08/06/19,乙亥,,2019,7,6
08/07/19,丙子,,2019,7,7
08/08/19,丁丑,立秋,2019,7,8
08/09/19,戊寅,,2019,7,9
08/10/19,己卯,,2019,7,10
08/11/19,庚辰,,2019,7,11
08/12/19,辛巳,,2019,7,12
08/13/19,壬午,,2019,7,13
08/14/19,癸未,,2019,7,14
08/15/19,甲申,,2019,7,15
08/16/19,乙酉,,2019,7,16
08/17/19,丙戌,,2019,7,17
08/18/19,丁亥,,2019,7,18
08/19/19,戊子,,2019,7,19
08/20/19,己丑,,2019,7,20
08/21/19,庚寅,,2019,7,21
08/22/19,辛卯,,2019,7,22
08/23/19,壬辰,处暑,2019,7,23
08/24/19,癸巳,,2019,7,24
08/25/19,甲午,,2019,7,25
08/26/19,乙未,,2019,7,26
08/27/19,丙申,,2019,7,27
08/28/19,丁酉,,2019,7,28
08/29/19,戊戌,,2019,7,29
08/30/19,己亥,,2019,8,1
08/31/19,庚子,,2019,8,2
09/01/19,辛丑,,2019,8,3
09/02/19,壬寅,,2019,8,4
09/03/19,癸卯,,2019,8,5
09/04/19,甲辰,,2019,8,6
09/05/19,乙巳,,2019,8,7
09/06/19,丙午,,2019,8,8
09/07/19,丁未,,2019,8,9
09/08/19,戊申,,2019,8,10
09/09/19,己酉,,2019,8,11
09/10/19,庚戌,,2019,8,12
09/11/19,辛亥,,2019,8,13
09/12/19,壬子,,2019,8,14
09/13/19,癸丑,,2019,8,15
09/14/19,甲寅,,2019,8,16
09/15/19,乙卯,,2019,8,17
09/16/19,丙辰,,2019,8,18
09/17/19,丁巳,,2019,8,19
09/18/19,戊午,,2019,8,20
09/19/19,己未,,2019,8,21
09/20/19,庚申,,2019,8,22
09/21/19,辛酉,,2019,8,23
09/22/19,壬戌,,2019,8,24
09/23/19,癸亥,,2019,8,25
09/24/19,甲子,,2019,8,26
09/25/19,乙丑,,2019,8,27
09/26/19,丙寅,,2019,8,28
09/27/19,丁卯,,2019,8,29
09/28/19,戊辰,,2019,8,30
09/29/19,己巳,,2019,9,1
09/30/19,庚午,,2019,9,2
10/01/19,辛未,,2019,9,3
10/02/19,壬申,,2019,9,4
10/03/19,癸酉,,2019,9,5
10/04/19,甲戌,,2019,9,6
10/05/19,乙亥,,2019,9,7
10/06/19,丙子,,2019,9,8
10/07/19,丁丑,,2019,9,9
10/08/19,戊寅,,2019,9,10
10/09/19,己卯,,2019,9,11
10/10/19,庚辰,,2019,9,12
10/11/19,辛巳,,2019,9,13
10/12/19,壬午,,2019,9,14
10/13/19,癸未,,2019,9,15
10/14/19,甲申,,2019,9,16
10/15/19,乙酉,,2019,9,17
10/16/19,丙戌,,2019,9,18
10/17/19,丁亥,,2019,9,19
10/18/19,戊子,,2019,9,20
10/19/19,己丑,,2019,9,21
10/20/19,庚寅,,2019,9,22
10/21/19,辛卯,,2019,9,23
10/22/19,壬辰,,2019,9,24
10/23/19,癸巳,,2019,9,25
10/24/19,甲午,,2019,9,26
10/25/19,乙未,,2019,9,27
10/26/19,丙申,,2019,9,28
10/27/19,丁酉,,2019,9,29
10/28/19,戊戌,,2019,10,1
10/29/19,己亥,,2019,10,2
10/30/19,庚子,,2019,10,3
10/31/19,辛丑,,2019,10,4
11/01/19,壬寅,,2019,10,5
11/02/19,癸卯,,2019,10,6
11/03/19,甲辰,,2019,10,7
11/04/19,乙巳,,2019,10,8
11/05/19,丙午,,2019,10,9
11/06/19,丁未,,2019,10,10
11/07/19,戊申,,2019,10,11
11/08/19,己酉,,2019,10,12
11/09/19,庚戌,,2019,10,13
11/10/19,辛亥,,2019,10,14
11/11/19,壬子,,2019,10,15
11/12/19,癸丑,,2019,10,16
11/13/19,甲寅,,2019,10,17
11/14/19,乙卯,,2019,10,18
11/15/19,丙辰,,2019,10,19
11/16/19,丁巳,,2019,10,20
11/17/19,戊午,,2019,10,21
11/18/19,己未,,2019,10,22
11/19/19,庚申,,2019,10,23
11/20/19,辛酉,,2019,10,24
11/21/19,壬戌,,2019,10,25
11/22/19,癸亥,,2019,10,26
11/23/19,甲子,,2019,10,27
11/24/19,乙丑,,2019,10,28
11/25/19,丙寅,,2019,10,29
11/26/19,丁卯,,2019,11,1
11/27/19,戊辰,,2019,11,2
11/28/19,己巳,,2019,11,3
11/29/19,庚午,,2019,11,4
11/30/19,辛未,,2019,11,5
12/01/19,壬申,,2019,11,6
12/02/19,癸酉,,2019,11,7
12/03/19,甲戌,,2019,11,8
12/04/19,乙亥,,2019,11,9
12/05/19,丙子,,2019,11,10
12/06/19,丁丑,,2019,11,11
12/07/19,戊寅,,2019,11,12
12/08/19,己卯,,2019,11,13
12/09/19,庚辰,,2019,11,14
12/10/19,辛巳,,2019,11,15
12/11/19,壬午,,2019,11,16
12/12/19,癸未,,2019,11,17
12/13/19,甲申,,2019,11,18
12/14/19,乙酉,,2019,11,19
12/15/19,丙戌,,2019,11,20
12/16/19,丁亥,,2019,11,21
12/17/19,戊子,,2019,11,22
12/18/19,己丑,,2019,11,23
12/19/19,庚寅,,2019,11,24
12/20/19,辛卯,,2019,11,25
12/21/19,壬辰,,2019,11,26
12/22/19,癸巳,,2019,11,27
12/23/19,甲午,,2019,11,28
12/24/19,乙未,,2019,11,29
12/25/19,丙申,,2019,11,30
12/26/19,丁酉,,2019,12,1
12/27/19,戊戌,,2019,12,2
12/28/19,己亥,,2019,12,3
12/29/19,庚子,,2019,12,4
12/30/19,辛丑,,2019,12,5
12/31/19,壬寅,,2019,12,6
01/01/20,癸卯,,2019,12,7
01/02/20,甲辰,,2019,12,8
01/03/20,乙巳,,2019,12,9
01/04/20,丙午,,2019,12,10
01/05/20,丁未,,2019,12,11
01/06/20,戊申,小寒,2019,12,12
01/07/20,己酉,,2019,12,13
01/08/20,庚戌,,2019,12,14
01/09/20,辛亥,,2019,12,15
01/10/20,壬子,,2019,12,16
01/11/20,癸丑,,2019,12,17
01/12/20,甲寅,,2019,12,18
01/13/20,乙卯,,2019,12,19
01/14/20,丙辰,,2019,12,20
01/15/20,丁巳,,2019,12,21
01/16/20,戊午,,2019,12,22
01/17/20,己未,,2019,12,23
01/18/20,庚申,,2019,12,24
01/19/20,辛酉,,2019,12,25
01/20/20,壬戌,大寒,2019,12,26
01/21/20,癸亥,,2019,12,27
01/22/20,甲子,,2019,12,28
01/23/20,乙丑,,2019,12,29
01/24/20,丙寅,,2019,12,30
01/25/20,丁卯,,2020,1,1
01/26/20,戊辰,,2020,1,2
01/27/20,己巳,,2020,1,3
01/28/20,庚午,,2020,1,4
01/29/20,辛未,,2020,1,5
01/30/20,壬申,,2020,1,6
01/31/20,癸酉,,2020,1,7
02/01/20,甲戌,,2020,1,8
02/02/20,乙亥,,2020,1,9
02/03/20,丙子,,2020,1,10
02/04/20,丁丑,立春,2020,1,11
02/05/20,戊寅,,2020,1,12
02/06/20,己卯,,2020,1,13
02/07/20,庚辰,,2020,1,14
02/08/20,辛巳,,2020,1,15
02/09/20,壬午,,2020,1,16
02/10/20,癸未,,2020,1,17
02/11/20,甲申,,2020,1,18
02/12/20,乙酉,,2020,1,19
02/13/20,丙戌,,2020,1,20
02/14/20,丁亥,,2020,1,21
02/15/20,戊子,,2020,1,22
02/16/20,己丑,,2020,1,23
02/17/20,庚寅,,2020,1,24
02/18/20,辛卯,,2020,1,25
02/19/20,壬辰,雨水,2020,1,26
02/20/20,癸巳,,2020,1,27
02/21/20,甲午,,2020,1,28
02/22/20,乙未,,2020,1,29
02/23/20,丙申,,2020,2,1
02/24/20,丁酉,,2020,2,2
02/25/20,戊戌,,2020,2,3
02/26/20,己亥,,2020,2,4
02/27/20,庚子,,2020,2,5
02/28/20,辛丑,,2020,2,6
02/29/20,壬寅,,2020,2,7
03/01/20,癸卯,,2020,2,8
03/02/20,甲辰,,2020,2,9
03/03/20,乙巳,,2020,2,10
03/04/20,丙午,,2020,2,11
03/05/20,丁未,惊蛰,2020,2,12
03/06/20,戊申,,2020,2,13
03/07/20,己酉,,2020,2,14
03/08/20,庚戌,,2020,2,15
03/09/20,辛亥,,2020,2,16
03/10/20,壬子,,2020,2,17
03/11/20,癸丑,,2020,2,18
03/12/20,甲寅,,2020,2,19
03/13/20,乙卯,,2020,2,20
03/14/20,丙辰,,2020,2,21
03/15/20,丁巳,,2020,2,22
03/16/20,戊午,,2020,2,23
03/17/20,己未,,2020,2,24
03/18/20,庚申,,2020,2,25
03/19/20,辛酉,,2020,2,26
03/20/20,壬戌,春分,2020,2,27
03/21/20,癸亥,,2020,2,28
03/22/20,甲子,,2020,2,29
03/23/20,乙丑,,2020,2,30
03/24/20,丙寅,,2020,3,1
03/25/20,丁卯,,2020,3,2
03/26/20,戊辰,,2020,3,3
03/27/20,己巳,,2020,3,4
03/28/20,庚午,,2020,3,5
03/29/20,辛未,,2020,3,6
03/30/20,壬申,,2020,3,7
03/31/20,癸酉,,2020,3,8
04/01/20,甲戌,,2020,3,9
04/02/20,乙亥,,2020,3,10
04/03/20,丙子,,2020,3,11
04/04/20,丁丑,清明,2020,3,12
04/05/20,戊寅,,2020,3,13
04/06/20,己卯,,2020,3,14
04/07/20,庚辰,,2020,3,15
04/08/20,辛巳,,2020,3,16
04/09/20,壬午,,2020,3,17
04/10/20,癸未,,2020,3,18
04/11/20,甲申,,2020,3,19
04/12/20,乙酉,,2020,3,20
04/13/20,丙戌,,2020,3,21
04/14/20,丁亥,,2020,3,22
04/15/20,戊子,,2020,3,23
04/16/20,己丑,,2020,3,24
04/17/20,庚寅,,2020,3,25
04/18/20,辛卯,,2020,3,26
04/19/20,壬辰,谷雨,2020,3,27
04/20/20,癸巳,,2020,3,28
04/21/20,甲午,,2020,3,29
04/22/20,乙未,,2020,3,30
04/23/20,丙申,,2020,4,1
04/24/20,丁酉,,2020,4,2
04/25/20,戊戌,,2020,4,3
04/26/20,己亥,,2020,4,4
04/27/20,庚子,,2020,4,5
04/28/20,辛丑,,2020,4,6
04/29/20,壬寅,,2020,4,7
04/30/20,癸卯,,2020,4,8
05/01/20,甲辰,,2020,4,9
05/02/20,乙巳,,2020,4,10
05/03/20,丙午,,2020,4,11
05/04/20,丁未,,2020,4,12
05/05/20,戊申,立夏,2020,4,13
05/06/20,己酉,,2020,4,14
05/07/20,庚戌,,2020,4,15
05/08/20,辛亥,,2020,4,16
05/09/20,壬子,,2020,4,17
05/10/20,癸丑,,2020,4,18
05/11/20,甲寅,,2020,4,19
05/12/20,乙卯,,2020,4,20
05/13/20,丙辰,,2020,4,21
05/14/20,丁巳,,2020,4,22
05/15/20,戊午,,2020,4,23
05/16/20,己未,,2020,4,24
05/17/20,庚申,,2020,4,25
05/18/20,辛酉,,2020,4,26
05/19/20,壬戌,,2020,4,27
05/20/20,癸亥,小满,2020,4,28
05/21/20,甲子,,2020,4,29
05/22/20,乙丑,,2020,4,30
05/23/20,丙寅,,2020,4,1
05/24/20,丁卯,,2020,4,2
05/25/20,戊辰,,2020,4,3
05/26/20,己巳,,2020,4,4
05/27/20,庚午,,2020,4,5
05/28/20,辛未,,2020,4,6
05/29/20,壬申,,2020,4,7
05/30/20,癸酉,,2020,4,8
05/31/20,甲戌,,2020,4,9
06/01/20,乙亥,,2020,4,10
06/02/20,丙子,,2020,4,11
06/03/20,丁丑,,2020,4,12
06/04/20,戊寅,,2020,4,13
06/05/20,己卯,芒种,2020,4,14
06/06/20,庚辰,,2020,4,15
06/07/20,辛巳,,2020,4,16
06/08/20,壬午,,2020,4,17
06/09/20,癸未,,2020,4,18
06/10/20,甲申,,2020,4,19
06/11/20,乙酉,,2020,4,20
06/12/20,丙戌,,2020,4,21
06/13/20,丁亥,,2020,4,22
06/14/20,戊子,,2020,4,23
06/15/20,己丑,,2020,4,24
06/16/20,庚寅,,2020,4,25
06/17/20,辛卯,,2020,4,26
06/18/20,壬辰,,2020,4,27
06/19/20,癸巳,,2020,4,28
06/20/20,甲午,,2020,4,29
06/21/20,乙未,夏至,2020,5,1
06/22/20,丙申,,2020,5,2
06/23/20,丁酉,,2020,5,3
06/24/20,戊戌,,2020,5,4
06/25/20,己亥,,2020,5,5
06/26/20,庚子,,2020,5,6
06/27/20,辛丑,,2020,5,7
06/28/20,壬寅,,2020,5,8
06/29/20,癸卯,,2020,5,9
06/30/20,甲辰,,2020,5,10
07/01/20,乙巳,,2020,5,11
07/02/20,丙午,,2020,5,12
07/03/20,丁未,,2020,5,13
07/04/20,戊申,,2020,5,14
07/05/20,己酉,,2020,5,15
07/06/20,庚戌,小暑,2020,5,16
07/07/20,辛亥,,2020,5,17
07/08/20,壬子,,2020,5,18
07/09/20,癸丑,,2020,5,19
07/10/20,甲寅,,2020,5,20
07/11/20,乙卯,,2020,5,21
07/12/20,丙辰,,2020,5,22
07/13/20,丁巳,,2020,5,23
07/14/20,戊午,,2020,5,24
07/15/20,己未,,2020,5,25
07/16/20,庚申,,2020,5,26
07/17/20,辛酉,,2020,5,27
07/18/20,壬戌,,2020,5,28
07/19/20,癸亥,,2020,5,29
07/20/20,甲子,,2020,5,30
07/21/20,乙丑,,2020,6,1
07/22/20,丙寅,大暑,2020,6,2
07/23/20,丁卯,,2020,6,3
07/24/20,戊辰,,2020,6,4
07/25/20,己巳,,2020,6,5
07/26/20,庚午,,2020,6,6
07/27/20,辛未,,2020,6,7
07/28/20,壬申,,2020,6,8
07/29/20,癸酉,,2020,6,9
07/30/20,甲戌,,2020,6,10
07/31/20,乙亥,,2020,6,11
08/01/20,丙子,,2020,6,12
08/02/20,丁丑,,2020,6,13
08/03/20,戊寅,,2020,6,14
08/04/20,己卯,,2020,6,15
08/05/20,庚辰,,2020,6,16
08/06/20,辛巳,,2020,6,17
08/07/20,壬午,立秋,2020,6,18
08/08/20,癸未,,2020,6,19
08/09/20,甲申,,2020,6,20
08/10/20,乙酉,,2020,6,21
08/11/20,丙戌,,2020,6,22
08/12/20,丁亥,,2020,6,23
08/13/20,戊子,,2020,6,24
08/14/20,己丑,,2020,6,25
08/15/20,庚寅,,2020,6,26
08/16/20,辛卯,,2020,6,27
08/17/20,壬辰,,2020,6,28
08/18/20,癸巳,,2020,6,29
08/19/20,甲午,,2020,7,1
08/20/20,乙未,,2020,7,2
08/21/20,丙申,,2020,7,3
08/22/20,丁酉,处暑,2020,7,4
08/23/20,戊戌,,2020,7,5
08/24/20,己亥,,2020,7,6
08/25/20,庚子,,2020,7,7
08/26/20,辛丑,,2020,7,8
08/27/20,壬寅,,2020,7,9
08/28/20,癸卯,,2020,7,10
08/29/20,甲辰,,2020,7,11
08/30/20,乙巳,,2020,7,12
08/31/20,丙午,,2020,7,13
09/01/20,丁未,,2020,7,14
09/02/20,戊申,,2020,7,15
09/03/20,己酉,,2020,7,16
09/04/20,庚戌,,2020,7,17
09/05/20,辛亥,,2020,7,18
09/06/20,壬子,,2020,7,19
09/07/20,癸丑,白露,2020,7,20
09/08/20,甲寅,,2020,7,21
09/09/20,乙卯,,2020,7,22
09/10/20,丙辰,,2020,7,23
09/11/20,丁巳,,2020,7,24
09/12/20,戊午,,2020,7,25
09/13/20,己未,,2020,7,26
09/14/20,庚申,,2020,7,27
09/15/20,辛酉,,2020,7,28
09/16/20,壬戌,,2020,7,29
09/17/20,癸亥,,2020,8,1
09/18/20,甲子,,2020,8,2
09/19/20,乙丑,,2020,8,3
09/20/20,丙寅,,2020,8,4
09/21/20,丁卯,,2020,8,5
09/22/20,戊辰,秋分,2020,8,6
09/23/20,己巳,,2020,8,7
09/24/20,庚午,,2020,8,8
09/25/20,辛未,,2020,8,9
09/26/20,壬申,,2020,8,10
09/27/20,癸酉,,2020,8,11
09/28/20,甲戌,,2020,8,12
09/29/20,乙亥,,2020,8,13
09/30/20,丙子,,2020,8,14
10/01/20,丁丑,,2020,8,15
10/02/20,戊寅,,2020,8,16
10/03/20,己卯,,2020,8,17
10/04/20,庚辰,,2020,8,18
10/05/20,辛巳,,2020,8,19
10/06/20,壬午,,2020,8,20
10/07/20,癸未,,2020,8,21
10/08/20,甲申,寒露,2020,8,22
10/09/20,乙酉,,2020,8,23
10/10/20,丙戌,,2020,8,24
10/11/20,丁亥,,2020,8,25
10/12/20,戊子,,2020,8,26
10/13/20,己丑,,2020,8,27
10/14/20,庚寅,,2020,8,28
10/15/20,辛卯,,2020,8,29
10/16/20,壬辰,,2020,8,30
10/17/20,癸巳,,2020,9,1
10/18/20,甲午,,2020,9,2
10/19/20,乙未,,2020,9,3
10/20/20,丙申,,2020,9,4
10/21/20,丁酉,,2020,9,5
10/22/20,戊戌,,2020,9,6
10/23/20,己亥,霜降,2020,9,7
10/24/20,庚子,,2020,9,8
10/25/20,辛丑,,2020,9,9
10/26/20,壬寅,,2020,9,10
10/27/20,癸卯,,2020,9,11
10/28/20,甲辰,,2020,9,12
10/29/20,乙巳,,2020,9,13
10/30/20,丙午,,2020,9,14
10/31/20,丁未,,2020,9,15
11/01/20,戊申,,2020,9,16
11/02/20,己酉,,2020,9,17
11/03/20,庚戌,,2020,9,18
11/04/20,辛亥,,2020,9,19
11/05/20,壬子,,2020,9,20
11/06/20,癸丑,,2020,9,21
11/07/20,甲寅,立冬,2020,9,22
11/08/20,乙卯,,2020,9,23
11/09/20,丙辰,,2020,9,24
11/10/20,丁巳,,2020,9,25
11/11/20,戊午,,2020,9,26
11/12/20,己未,,2020,9,27
11/13/20,庚申,,2020,9,28
11/14/20,辛酉,,2020,9,29
11/15/20,壬戌,,2020,10,1
11/16/20,癸亥,,2020,10,2
11/17/20,甲子,,2020,10,3
11/18/20,乙丑,,2020,10,4
11/19/20,丙寅,,2020,10,5
11/20/20,丁卯,,2020,10,6
11/21/20,戊辰,,2020,10,7
11/22/20,己巳,小雪,2020,10,8
11/23/20,庚午,,2020,10,9
11/24/20,辛未,,2020,10,10
11/25/20,壬申,,2020,10,11
11/26/20,癸酉,,2020,10,12
11/27/20,甲戌,,2020,10,13
11/28/20,乙亥,,2020,10,14
11/29/20,丙子,,2020,10,15
11/30/20,丁丑,,2020,10,16
12/01/20,戊寅,,2020,10,17
12/02/20,己卯,,2020,10,18
12/03/20,庚辰,,2020,10,19
12/04/20,辛巳,,2020,10,20
12/05/20,壬午,,2020,10,21
12/06/20,癸未,,2020,10,22
12/07/20,甲申,大雪,2020,10,23
12/08/20,乙酉,,2020,10,24
12/09/20,丙戌,,2020,10,25
12/10/20,丁亥,,2020,10,26
12/11/20,戊子,,2020,10,27
12/12/20,己丑,,2020,10,28
12/13/20,庚寅,,2020,10,29
12/14/20,辛卯,,2020,10,30
12/15/20,壬辰,,2020,11,1
12/16/20,癸巳,,2020,11,2
12/17/20,甲午,,2020,11,3
12/18/20,乙未,,2020,11,4
12/19/20,丙申,,2020,11,5
12/20/20,丁酉,,2020,11,6
12/21/20,戊戌,冬至,2020,11,7
12/22/20,己亥,,2020,11,8
12/23/20,庚子,,2020,11,9
12/24/20,辛丑,,2020,11,10
12/25/20,壬寅,,2020,11,11
12/26/20,癸卯,,2020,11,12
12/27/20,甲辰,,2020,11,13
12/28/20,乙巳,,2020,11,14
12/29/20,丙午,,2020,11,15
12/30/20,丁未,,2020,11,16
12/31/20,戊申,,2020,11,17
01/01/21,己酉,,2020,11,18
01/02/21,庚戌,,2020,11,19
01/03/21,辛亥,,2020,11,20
01/04/21,壬子,,2020,11,21
01/05/21,癸丑,小寒,2020,11,22
01/06/21,甲寅,,2020,11,23
01/07/21,乙卯,,2020,11,24
01/08/21,丙辰,,2020,11,25
01/09/21,丁巳,,2020,11,26
01/10/21,戊午,,2020,11,27
01/11/21,己未,,2020,11,28
01/12/21,庚申,,2020,11,29
01/13/21,辛酉,,2020,12,1
01/14/21,壬戌,,2020,12,2
01/15/21,癸亥,,2020,12,3
01/16/21,甲子,,2020,12,4
01/17/21,乙丑,,2020,12,5
01/18/21,丙寅,,2020,12,6
01/19/21,丁卯,,2020,12,7
01/20/21,戊辰,大寒,2020,12,8
01/21/21,己巳,,2020,12,9
01/22/21,庚午,,2020,12,10
01/23/21,辛未,,2020,12,11
01/24/21,壬申,,2020,12,12
01/25/21,癸酉,,2020,12,13
01/26/21,甲戌,,2020,12,14
01/27/21,乙亥,,2020,12,15
01/28/21,丙子,,2020,12,16
01/29/21,丁丑,,2020,12,17
01/30/21,戊寅,,2020,12,18
01/31/21,己卯,,2020,12,19
02/01/21,庚辰,,2020,12,20
02/02/21,辛巳,,2020,12,21
02/03/21,壬午,立春,2020,12,22
02/04/21,癸未,,2020,12,23
02/05/21,甲申,,2020,12,24
02/06/21,乙酉,,2020,12,25
02/07/21,丙戌,,2020,12,26
02/08/21,丁亥,,2020,12,27
02/09/21,戊子,,2020,12,28
02/10/21,己丑,,2020,12,29
02/11/21,庚寅,,2020,12,30
02/12/21,辛卯,,2021,1,1
02/13/21,壬辰,,2021,1,2
02/14/21,癸巳,,2021,1,3
02/15/21,甲午,,2021,1,4
02/16/21,乙未,,2021,1,5
02/17/21,丙申,,2021,1,6
02/18/21,丁酉,雨水,2021,1,7
02/19/21,戊戌,,2021,1,8
02/20/21,己亥,,2021,1,9
02/21/21,庚子,,2021,1,10
02/22/21,辛丑,,2021,1,11
02/23/21,壬寅,,2021,1,12
02/24/21,癸卯,,2021,1,13
02/25/21,甲辰,,2021,1,14
02/26/21,乙巳,,2021,1,15
02/27/21,丙午,,2021,1,16
02/28/21,丁未,,2021,1,17
03/01/21,戊申,,2021,1,18
03/02/21,己酉,,2021,1,19
03/03/21,庚戌,,2021,1,20
03/04/21,辛亥,,2021,1,21
03/05/21,壬子,惊蛰,2021,1,22
03/06/21,癸丑,,2021,1,23
03/07/21,甲寅,,2021,1,24
03/08/21,乙卯,,2021,1,25
03/09/21,丙辰,,2021,1,26
03/10/21,丁巳,,2021,1,27
03/11/21,戊午,,2021,1,28
03/12/21,己未,,2021,1,29
03/13/21,庚申,,2021,2,1
03/14/21,辛酉,,2021,2,2
03/15/21,壬戌,,2021,2,3
03/16/21,癸亥,,2021,2,4
03/17/21,甲子,,2021,2,5
03/18/21,乙丑,,2021,2,6
03/19/21,丙寅,,2021,2,7
03/20/21,丁卯,春分,2021,2,8
03/21/21,戊辰,,2021,2,9
03/22/21,己巳,,2021,2,10
03/23/21,庚午,,2021,2,11
03/24/21,辛未,,2021,2,12
03/25/21,壬申,,2021,2,13
03/26/21,癸酉,,2021,2,14
03/27/21,甲戌,,2021,2,15
03/28/21,乙亥,,2021,2,16
03/29/21,丙子,,2021,2,17
03/30/21,丁丑,,2021,2,18
03/31/21,戊寅,,2021,2,19
04/01/21,己卯,,2021,2,20
04/02/21,庚辰,,2021,2,21
04/03/21,辛巳,,2021,2,22
04/04/21,壬午,清明,2021,2,23
04/05/21,癸未,,2021,2,24
04/06/21,甲申,,2021,2,25
04/07/21,乙酉,,2021,2,26
04/08/21,丙戌,,2021,2,27
04/09/21,丁亥,,2021,2,28
04/10/21,戊子,,2021,2,29
04/11/21,己丑,,2021,2,30
04/12/21,庚寅,,2021,3,1
04/13/21,辛卯,,2021,3,2
04/14/21,壬辰,,2021,3,3
04/15/21,癸巳,,2021,3,4
04/16/21,甲午,,2021,3,5
04/17/21,乙未,,2021,3,6
04/18/21,丙申,,2021,3,7
04/19/21,丁酉,,2021,3,8
04/20/21,戊戌,谷雨,2021,3,9
04/21/21,己亥,,2021,3,10
04/22/21,庚子,,2021,3,11
04/23/21,辛丑,,2021,3,12
04/24/21,壬寅,,2021,3,13
04/25/21,癸卯,,2021,3,14
04/26/21,甲辰,,2021,3,15
04/27/21,乙巳,,2021,3,16
04/28/21,丙午,,2021,3,17
04/29/21,丁未,,2021,3,18
04/30/21,戊申,,2021,3,19
05/01/21,己酉,,2021,3,20
05/02/21,庚戌,,2021,3,21
05/03/21,辛亥,,2021,3,22
05/04/21,壬子,,2021,3,23
05/05/21,癸丑,立夏,2021,3,24
05/06/21,甲寅,,2021,3,25
05/07/21,乙卯,,2021,3,26
05/08/21,丙辰,,2021,3,27
05/09/21,丁巳,,2021,3,28
05/10/21,戊午,,2021,3,29
05/11/21,己未,,2021,3,30
05/12/21,庚申,,2021,4,1
05/13/21,辛酉,,2021,4,2
05/14/21,壬戌,,2021,4,3
05/15/21,癸亥,,2021,4,4
05/16/21,甲子,,2021,4,5
05/17/21,乙丑,,2021,4,6
05/18/21,丙寅,,2021,4,7
05/19/21,丁卯,,2021,4,8
05/20/21,戊辰,,2021,4,9
05/21/21,己巳,小满,2021,4,10
05/22/21,庚午,,2021,4,11
05/23/21,辛未,,2021,4,12
05/24/21,壬申,,2021,4,13
05/25/21,癸酉,,2021,4,14
05/26/21,甲戌,,2021,4,15
05/27/21,乙亥,,2021,4,16
05/28/21,丙子,,2021,4,17
05/29/21,丁丑,,2021,4,18
05/30/21,戊寅,,2021,4,19
05/31/21,己卯,,2021,4,20
06/01/21,庚辰,,2021,4,21
06/02/21,辛巳,,2021,4,22
06/03/21,壬午,,2021,4,23
06/04/21,癸未,,2021,4,24
06/05/21,甲申,芒种,2021,4,25
06/06/21,乙酉,,2021,4,26
06/07/21,丙戌,,2021,4,27
06/08/21,丁亥,,2021,4,28
06/09/21,戊子,,2021,4,29
06/10/21,己丑,,2021,5,1
06/11/21,庚寅,,2021,5,2
06/12/21,辛卯,,2021,5,3
06/13/21,壬辰,,2021,5,4
06/14/21,癸巳,,2021,5,5
06/15/21,甲午,,2021,5,6
06/16/21,乙未,,2021,5,7
06/17/21,丙申,,2021,5,8
06/18/21,丁酉,,2021,5,9
06/19/21,戊戌,,2021,5,10
06/20/21,己亥,,2021,5,11
06/21/21,庚子,夏至,2021,5,12
06/22/21,辛丑,,2021,5,13
06/23/21,壬寅,,2021,5,14
06/24/21,癸卯,,2021,5,15
06/25/21,甲辰,,2021,5,16
06/26/21,乙巳,,2021,5,17
06/27/21,丙午,,2021,5,18
06/28/21,丁未,,2021,5,19
06/29/21,戊申,,2021,5,20
06/30/21,己酉,,2021,5,21
07/01/21,庚戌,,2021,5,22
07/02/21,辛亥,,2021,5,23
07/03/21,壬子,,2021,5,24
07/04/21,癸丑,,2021,5,25
07/05/21,甲寅,,2021,5,26
07/06/21,乙卯,,2021,5,27
07/07/21,丙辰,小暑,2021,5,28
07/08/21,丁巳,,2021,5,29
07/09/21,戊午,,2021,5,30
07/10/21,己未,,2021,6,1
07/11/21,庚申,,2021,6,2
07/12/21,辛酉,,2021,6,3
07/13/21,壬戌,,2021,6,4
07/14/21,癸亥,,2021,6,5
07/15/21,甲子,,2021,6,6
07/16/21,乙丑,,2021,6,7
07/17/21,丙寅,,2021,6,8
07/18/21,丁卯,,2021,6,9
07/19/21,戊辰,,2021,6,10
07/20/21,己巳,,2021,6,11
07/21/21,庚午,,2021,6,12
07/22/21,辛未,大暑,2021,6,13
07/23/21,壬申,,2021,6,14
07/24/21,癸酉,,2021,6,15
07/25/21,甲戌,,2021,6,16
07/26/21,乙亥,,2021,6,17
07/27/21,丙子,,2021,6,18
07/28/21,丁丑,,2021,6,19
07/29/21,戊寅,,2021,6,20
07/30/21,己卯,,2021,6,21
07/31/21,庚辰,,2021,6,22
08/01/21,辛巳,,2021,6,23
08/02/21,壬午,,2021,6,24
08/03/21,癸未,,2021,6,25
08/04/21,甲申,,2021,6,26
08/05/21,乙酉,,2021,6,27
08/06/21,丙戌,,2021,6,28
08/07/21,丁亥,立秋,2021,6,29
08/08/21,戊子,,2021,7,1
08/09/21,己丑,,2021,7,2
08/10/21,庚寅,,2021,7,3
08/11/21,辛卯,,2021,7,4
08/12/21,壬辰,,2021,7,5
08/13/21,癸巳,,2021,7,6
08/14/21,甲午,,2021,7,7
08/15/21,乙未,,2021,7,8
08/16/21,丙申,,2021,7,9
08/17/21,丁酉,,2021,7,10
08/18/21,戊戌,,2021,7,11
08/19/21,己亥,,2021,7,12
08/20/21,庚子,,2021,7,13
08/21/21,辛丑,,2021,7,14
08/22/21,壬寅,处暑,2021,7,15
08/23/21,癸卯,,2021,7,16
08/24/21,甲辰,,2021,7,17
08/25/21,乙巳,,2021,7,18
08/26/21,丙午,,2021,7,19
08/27/21,丁未,,2021,7,20
08/28/21,戊申,,2021,7,21
08/29/21,己酉,,2021,7,22
08/30/21,庚戌,,2021,7,23
08/31/21,辛亥,,2021,7,24
09/01/21,壬子,,2021,7,25
09/02/21,癸丑,,2021,7,26
09/03/21,甲寅,,2021,7,27
09/04/21,乙卯,,2021,7,28
09/05/21,丙辰,,2021,7,29
09/06/21,丁巳,,2021,7,30
09/07/21,戊午,白露,2021,8,1
09/08/21,己未,,2021,8,2
09/09/21,庚申,,2021,8,3
09/10/21,辛酉,,2021,8,4
09/11/21,壬戌,,2021,8,5
09/12/21,癸亥,,2021,8,6
09/13/21,甲子,,2021,8,7
09/14/21,乙丑,,2021,8,8
09/15/21,丙寅,,2021,8,9
09/16/21,丁卯,,2021,8,10
09/17/21,戊辰,,2021,8,11
09/18/21,己巳,,2021,8,12
09/19/21,庚午,,2021,8,13
09/20/21,辛未,,2021,8,14
09/21/21,壬申,,2021,8,15
09/22/21,癸酉,,2021,8,16
09/23/21,甲戌,秋分,2021,8,17
09/24/21,乙亥,,2021,8,18
09/25/21,丙子,,2021,8,19
09/26/21,丁丑,,2021,8,20
09/27/21,戊寅,,2021,8,21
09/28/21,己卯,,2021,8,22
09/29/21,庚辰,,2021,8,23
09/30/21,辛巳,,2021,8,24
10/01/21,壬午,,2021,8,25
10/02/21,癸未,,2021,8,26
10/03/21,甲申,,2021,8,27
10/04/21,乙酉,,2021,8,28
10/05/21,丙戌,,2021,8,29
10/06/21,丁亥,,2021,9,1
10/07/21,戊子,,2021,9,2
10/08/21,己丑,寒露,2021,9,3
10/09/21,庚寅,,2021,9,4
10/10/21,辛卯,,2021,9,5
10/11/21,壬辰,,2021,9,6
10/12/21,癸巳,,2021,9,7
10/13/21,甲午,,2021,9,8
10/14/21,乙未,,2021,9,9
10/15/21,丙申,,2021,9,10
10/16/21,丁酉,,2021,9,11
10/17/21,戊戌,,2021,9,12
10/18/21,己亥,,2021,9,13
10/19/21,庚子,,2021,9,14
10/20/21,辛丑,,2021,9,15
10/21/21,壬寅,,2021,9,16
10/22/21,癸卯,,2021,9,17
10/23/21,甲辰,霜降,2021,9,18
10/24/21,乙巳,,2021,9,19
10/25/21,丙午,,2021,9,20
10/26/21,丁未,,2021,9,21
10/27/21,戊申,,2021,9,22
10/28/21,己酉,,2021,9,23
10/29/21,庚戌,,2021,9,24
10/30/21,辛亥,,2021,9,25
10/31/21,壬子,,2021,9,26
11/01/21,癸丑,,2021,9,27
11/02/21,甲寅,,2021,9,28
11/03/21,乙卯,,2021,9,29
11/04/21,丙辰,,2021,9,30
11/05/21,丁巳,,2021,10,1
11/06/21,戊午,,2021,10,2
11/07/21,己未,立冬,2021,10,3
11/08/21,庚申,,2021,10,4
11/09/21,辛酉,,2021,10,5
11/10/21,壬戌,,2021,10,6
11/11/21,癸亥,,2021,10,7
11/12/21,甲子,,2021,10,8
11/13/21,乙丑,,2021,10,9
11/14/21,丙寅,,2021,10,10
11/15/21,丁卯,,2021,10,11
11/16/21,戊辰,,2021,10,12
11/17/21,己巳,,2021,10,13
11/18/21,庚午,,2021,10,14
11/19/21,辛未,,2021,10,15
11/20/21,壬申,,2021,10,16
11/21/21,癸酉,,2021,10,17
11/22/21,甲戌,小雪,2021,10,18
11/23/21,乙亥,,2021,10,19
11/24/21,丙子,,2021,10,20
11/25/21,丁丑,,2021,10,21
11/26/21,戊寅,,2021,10,22
11/27/21,己卯,,2021,10,23
11/28/21,庚辰,,2021,10,24
11/29/21,辛巳,,2021,10,25
11/30/21,壬午,,2021,10,26
12/01/21,癸未,,2021,10,27
12/02/21,甲申,,2021,10,28
12/03/21,乙酉,,2021,10,29
12/04/21,丙戌,,2021,11,1
12/05/21,丁亥,,2021,11,2
12/06/21,戊子,,2021,11,3
12/07/21,己丑,大雪,2021,11,4
12/08/21,庚寅,,2021,11,5
12/09/21,辛卯,,2021,11,6
12/10/21,壬辰,,2021,11,7
12/11/21,癸巳,,2021,11,8
12/12/21,甲午,,2021,11,9
12/13/21,乙未,,2021,11,10
12/14/21,丙申,,2021,11,11
12/15/21,丁酉,,2021,11,12
12/16/21,戊戌,,2021,11,13
12/17/21,己亥,,2021,11,14
12/18/21,庚子,,2021,11,15
12/19/21,辛丑,,2021,11,16
12/20/21,壬寅,,2021,11,17
12/21/21,癸卯,冬至,2021,11,18
12/22/21,甲辰,,2021,11,19
12/23/21,乙巳,,2021,11,20
12/24/21,丙午,,2021,11,21
12/25/21,丁未,,2021,11,22
12/26/21,戊申,,2021,11,23
12/27/21,己酉,,2021,11,24
12/28/21,庚戌,,2021,11,25
12/29/21,辛亥,,2021,11,26
12/30/21,壬子,,2021,11,27
12/31/21,癸丑,,2021,11,28
